part_id,part_name,gobricks_color,color_name,quantity,supplier_url,verification
14769,Round Tile 2 x 2,081,Reddish Brown,2,https://www.brickwith.com/en/parts/Tile-Round/14769?color_id=081,Available in live LDraw import; checked 2026-10-02
15068,Slope Curved 2 x 2,031,Tan,2,https://www.brickwith.com/en/parts/Slope-Curved/15068?color_id=031,Available in live LDraw import; checked 2026-10-02
15068,Slope Curved 2 x 2,081,Reddish Brown,8,https://www.brickwith.com/en/parts/Slope-Curved/15068?color_id=081,Available in live LDraw import; checked 2026-10-02
15573,Jumper Plate 1 x 2,031,Tan,1,https://www.brickwith.com/en/parts/Plate-Modified/15573?color_id=031,Available in live LDraw import; checked 2026-10-02
25269,Quarter Round Tile 1 x 1,080,Black,6,https://www.brickwith.com/en/parts/Tile-Round/25269?color_id=080,Available in live LDraw import; checked 2026-10-02
25269,Quarter Round Tile 1 x 1,090,White,2,https://www.brickwith.com/en/parts/Tile-Round/25269?color_id=090,Available in live LDraw import; checked 2026-10-02
3001,Brick 2 x 4,031,Tan,36,https://www.brickwith.com/en/parts/Brick/3001?color_id=031,Available in live LDraw import; checked 2026-10-02
3001,Brick 2 x 4,082,Dark Brown,193,https://www.brickwith.com/en/parts/Brick/3001?color_id=082,Available in live LDraw import; checked 2026-10-02
3002,Brick 2 x 3,031,Tan,9,https://www.brickwith.com/en/parts/Brick/3002?color_id=031,Available in live LDraw import; checked 2026-10-02
3002,Brick 2 x 3,082,Dark Brown,9,https://www.brickwith.com/en/parts/Brick/3002?color_id=082,Available in live LDraw import; checked 2026-10-02
3003,Brick 2 x 2,031,Tan,8,https://www.brickwith.com/en/parts/Brick/3003?color_id=031,Available in live LDraw import; checked 2026-10-02
3003,Brick 2 x 2,082,Dark Brown,12,https://www.brickwith.com/en/parts/Brick/3003?color_id=082,Available in live LDraw import; checked 2026-10-02
3004,Brick 1 x 2,031,Tan,4,https://www.brickwith.com/en/parts/Brick/3004?color_id=031,Available in live LDraw import; checked 2026-10-02
3004,Brick 1 x 2,081,Reddish Brown,2,https://www.brickwith.com/en/parts/Brick/3004?color_id=081,Available in live LDraw import; checked 2026-10-02
3004,Brick 1 x 2,082,Dark Brown,25,https://www.brickwith.com/en/parts/Brick/3004?color_id=082,Available in live LDraw import; checked 2026-10-02
3005,Brick 1 x 1,031,Tan,2,https://www.brickwith.com/en/parts/Brick/3005?color_id=031,Available in live LDraw import; checked 2026-10-02
3005,Brick 1 x 1,082,Dark Brown,102,https://www.brickwith.com/en/parts/Brick/3005?color_id=082,Available in live LDraw import; checked 2026-10-02
3010,Brick 1 x 4,031,Tan,24,https://www.brickwith.com/en/parts/Brick/3010?color_id=031,Available in live LDraw import; checked 2026-10-02
3010,Brick 1 x 4,081,Reddish Brown,7,https://www.brickwith.com/en/parts/Brick/3010?color_id=081,Available in live LDraw import; checked 2026-10-02
3010,Brick 1 x 4,082,Dark Brown,82,https://www.brickwith.com/en/parts/Brick/3010?color_id=082,Available in live LDraw import; checked 2026-10-02
3020,Plate 2 x 4,081,Reddish Brown,8,https://www.brickwith.com/en/parts/Plate/3020?color_id=081,Available in live LDraw import; checked 2026-10-02
3020,Plate 2 x 4,082,Dark Brown,4,https://www.brickwith.com/en/parts/Plate/3020?color_id=082,Available in live LDraw import; checked 2026-10-02
3021,Plate 2 x 3,082,Dark Brown,3,https://www.brickwith.com/en/parts/Plate/3021?color_id=082,Available in live LDraw import; checked 2026-10-02
3022,Plate 2 x 2,031,Tan,1,https://www.brickwith.com/en/parts/Plate/3022?color_id=031,Available in live LDraw import; checked 2026-10-02
3022,Plate 2 x 2,082,Dark Brown,2,https://www.brickwith.com/en/parts/Plate/3022?color_id=082,Available in live LDraw import; checked 2026-10-02
3023,Plate 1 x 2,082,Dark Brown,3,https://www.brickwith.com/en/parts/Plate/3023b?color_id=082,Available in live LDraw import; checked 2026-10-02
3024,Plate 1 x 1,082,Dark Brown,3,https://www.brickwith.com/en/parts/Plate/3024?color_id=082,Available in live LDraw import; checked 2026-10-02
3032,Plate 4 x 6,082,Dark Brown,2,https://www.brickwith.com/en/parts/Plate/3032?color_id=082,Available in live LDraw import; checked 2026-10-02
3034,Plate 2 x 8,082,Dark Brown,6,https://www.brickwith.com/en/parts/Plate/3034?color_id=082,Available in live LDraw import; checked 2026-10-02
3035,Plate 4 x 8,082,Dark Brown,8,https://www.brickwith.com/en/parts/Plate/3035?color_id=082,Available in live LDraw import; checked 2026-10-02
3036,Plate 6 x 8,082,Dark Brown,1,https://www.brickwith.com/en/parts/Plate/3036?color_id=082,Available in live LDraw import; checked 2026-10-02
3069b,Tile 1 x 2,031,Tan,1,https://www.brickwith.com/en/parts/Tile/3069b?color_id=031,Available in live LDraw import; checked 2026-10-02
3623,Plate 1 x 3,082,Dark Brown,1,https://www.brickwith.com/en/parts/Plate/3623?color_id=082,Available in live LDraw import; checked 2026-10-02
3666,Plate 1 x 6,082,Dark Brown,3,https://www.brickwith.com/en/parts/Plate/3666?color_id=082,Available in live LDraw import; checked 2026-10-02
3710,Plate 1 x 4,082,Dark Brown,5,https://www.brickwith.com/en/parts/Plate/3710?color_id=082,Available in live LDraw import; checked 2026-10-02
3795,Plate 2 x 6,031,Tan,1,https://www.brickwith.com/en/parts/Plate/3795?color_id=031,Available in live LDraw import; checked 2026-10-02
3795,Plate 2 x 6,082,Dark Brown,5,https://www.brickwith.com/en/parts/Plate/3795?color_id=082,Available in live LDraw import; checked 2026-10-02
4032,Round Plate 2 x 2 with Axle Hole,080,Black,2,https://www.brickwith.com/en/parts/Plate-Round/4032a?color_id=080,Available in live LDraw import; checked 2026-10-02
54200,Slope 30 1 x 1,081,Reddish Brown,28,https://www.brickwith.com/en/parts/Slope/54200?color_id=081,Available in live LDraw import; checked 2026-10-02
54200,Slope 30 1 x 1,082,Dark Brown,129,https://www.brickwith.com/en/parts/Slope/54200?color_id=082,Available in live LDraw import; checked 2026-10-02
60474,Round Plate 4 x 4,031,Tan,2,,Not recognized by BrickWith; source 2 Tan 60474 from LEGO/BrickLink; see brickwith-upload/missing-ear-plates-bricklink.xml
87087,"Brick 1 x 1, Side Stud",031,Tan,16,https://www.brickwith.com/en/parts/Brick-Modified/87087?color_id=031,Available in live LDraw import; checked 2026-10-02
87087,"Brick 1 x 1, Side Stud",082,Dark Brown,102,https://www.brickwith.com/en/parts/Brick-Modified/87087?color_id=082,Available in live LDraw import; checked 2026-10-02
98138,Round Tile 1 x 1,081,Reddish Brown,1,https://www.brickwith.com/en/parts/Tile-Round/98138?color_id=081,Available in live LDraw import; checked 2026-10-02
