bricklink_part_id,part_name,bricklink_color_id,color_name,quantity,catalog_url
14769,Round Tile 2 x 2,88,Reddish Brown,2,https://www.bricklink.com/v2/catalog/catalogitem.page?P=14769&C=88
15068,Slope Curved 2 x 2,2,Tan,2,https://www.bricklink.com/v2/catalog/catalogitem.page?P=15068&C=2
15068,Slope Curved 2 x 2,88,Reddish Brown,8,https://www.bricklink.com/v2/catalog/catalogitem.page?P=15068&C=88
15573,Jumper Plate 1 x 2,2,Tan,1,https://www.bricklink.com/v2/catalog/catalogitem.page?P=15573&C=2
25269,Quarter Round Tile 1 x 1,11,Black,6,https://www.bricklink.com/v2/catalog/catalogitem.page?P=25269&C=11
25269,Quarter Round Tile 1 x 1,1,White,2,https://www.bricklink.com/v2/catalog/catalogitem.page?P=25269&C=1
3001,Brick 2 x 4,2,Tan,36,https://www.bricklink.com/v2/catalog/catalogitem.page?P=3001&C=2
3001,Brick 2 x 4,120,Dark Brown,193,https://www.bricklink.com/v2/catalog/catalogitem.page?P=3001&C=120
3002,Brick 2 x 3,2,Tan,9,https://www.bricklink.com/v2/catalog/catalogitem.page?P=3002&C=2
3003,Brick 2 x 2,2,Tan,8,https://www.bricklink.com/v2/catalog/catalogitem.page?P=3003&C=2
3003,Brick 2 x 2,120,Dark Brown,21,https://www.bricklink.com/v2/catalog/catalogitem.page?P=3003&C=120
3004,Brick 1 x 2,2,Tan,4,https://www.bricklink.com/v2/catalog/catalogitem.page?P=3004&C=2
3004,Brick 1 x 2,88,Reddish Brown,2,https://www.bricklink.com/v2/catalog/catalogitem.page?P=3004&C=88
3004,Brick 1 x 2,120,Dark Brown,198,https://www.bricklink.com/v2/catalog/catalogitem.page?P=3004&C=120
3005,Brick 1 x 1,2,Tan,2,https://www.bricklink.com/v2/catalog/catalogitem.page?P=3005&C=2
3005,Brick 1 x 1,120,Dark Brown,102,https://www.bricklink.com/v2/catalog/catalogitem.page?P=3005&C=120
3010,Brick 1 x 4,2,Tan,24,https://www.bricklink.com/v2/catalog/catalogitem.page?P=3010&C=2
3010,Brick 1 x 4,88,Reddish Brown,7,https://www.bricklink.com/v2/catalog/catalogitem.page?P=3010&C=88
3020,Plate 2 x 4,88,Reddish Brown,8,https://www.bricklink.com/v2/catalog/catalogitem.page?P=3020&C=88
3020,Plate 2 x 4,120,Dark Brown,24,https://www.bricklink.com/v2/catalog/catalogitem.page?P=3020&C=120
3021,Plate 2 x 3,120,Dark Brown,3,https://www.bricklink.com/v2/catalog/catalogitem.page?P=3021&C=120
3022,Plate 2 x 2,2,Tan,1,https://www.bricklink.com/v2/catalog/catalogitem.page?P=3022&C=2
3022,Plate 2 x 2,120,Dark Brown,2,https://www.bricklink.com/v2/catalog/catalogitem.page?P=3022&C=120
3023,Plate 1 x 2,120,Dark Brown,3,https://www.bricklink.com/v2/catalog/catalogitem.page?P=3023&C=120
3024,Plate 1 x 1,120,Dark Brown,3,https://www.bricklink.com/v2/catalog/catalogitem.page?P=3024&C=120
3035,Plate 4 x 8,120,Dark Brown,9,https://www.bricklink.com/v2/catalog/catalogitem.page?P=3035&C=120
3069,Tile 1 x 2,2,Tan,1,https://www.bricklink.com/v2/catalog/catalogitem.page?P=3069&C=2
3623,Plate 1 x 3,120,Dark Brown,1,https://www.bricklink.com/v2/catalog/catalogitem.page?P=3623&C=120
3666,Plate 1 x 6,120,Dark Brown,3,https://www.bricklink.com/v2/catalog/catalogitem.page?P=3666&C=120
3710,Plate 1 x 4,120,Dark Brown,5,https://www.bricklink.com/v2/catalog/catalogitem.page?P=3710&C=120
3795,Plate 2 x 6,2,Tan,1,https://www.bricklink.com/v2/catalog/catalogitem.page?P=3795&C=2
3795,Plate 2 x 6,120,Dark Brown,5,https://www.bricklink.com/v2/catalog/catalogitem.page?P=3795&C=120
4032,Round Plate 2 x 2 with Axle Hole,11,Black,2,https://www.bricklink.com/v2/catalog/catalogitem.page?P=4032&C=11
54200,Slope 30 1 x 1,88,Reddish Brown,28,https://www.bricklink.com/v2/catalog/catalogitem.page?P=54200&C=88
54200,Slope 30 1 x 1,120,Dark Brown,129,https://www.bricklink.com/v2/catalog/catalogitem.page?P=54200&C=120
60474,Round Plate 4 x 4,2,Tan,2,https://www.bricklink.com/v2/catalog/catalogitem.page?P=60474&C=2
87087,"Brick 1 x 1, Side Stud",2,Tan,16,https://www.bricklink.com/v2/catalog/catalogitem.page?P=87087&C=2
87087,"Brick 1 x 1, Side Stud",120,Dark Brown,102,https://www.bricklink.com/v2/catalog/catalogitem.page?P=87087&C=120
98138,Round Tile 1 x 1,88,Reddish Brown,1,https://www.bricklink.com/v2/catalog/catalogitem.page?P=98138&C=88
