step,original_instance,original_part,color,x,y,z,rotation,replacements
1,p0004,3034,Dark Brown,-8,1,0,90,3020 at x-8 y1 z0 rot90; 3020 at x-8 y5 z0 rot90
2,p0005,3034,Dark Brown,6,1,0,90,3020 at x6 y1 z0 rot90; 3020 at x6 y5 z0 rot90
3,p0010,3032,Dark Brown,-6,4,0,90,3020 at x-6 y4 z0 rot0; 3020 at x-6 y6 z0 rot0; 3020 at x-6 y8 z0 rot0
3,p0011,3032,Dark Brown,2,4,0,90,3020 at x2 y4 z0 rot0; 3020 at x2 y6 z0 rot0; 3020 at x2 y8 z0 rot0
5,p0013,3034,Dark Brown,-11,4,1,0,3020 at x-11 y4 z1 rot0; 3020 at x-7 y4 z1 rot0
5,p0014,3034,Dark Brown,3,4,1,0,3020 at x3 y4 z1 rot0; 3020 at x7 y4 z1 rot0
13,p0041,3036,Dark Brown,-6,0,2,0,3035 at x-6 y0 z2 rot0; 3020 at x-6 y4 z2 rot0; 3020 at x-2 y4 z2 rot0
13,p0043,3034,Dark Brown,-8,1,2,90,3020 at x-8 y1 z2 rot90; 3020 at x-8 y5 z2 rot90
13,p0044,3034,Dark Brown,6,1,2,90,3020 at x6 y1 z2 rot90; 3020 at x6 y5 z2 rot90
19,p0064,3010,Dark Brown,-11,3,3,90,3004 at x-11 y3 z3 rot90; 3004 at x-11 y5 z3 rot90
19,p0065,3010,Dark Brown,10,3,3,90,3004 at x10 y3 z3 rot90; 3004 at x10 y5 z3 rot90
35,p0097,3010,Dark Brown,6,1,6,90,3004 at x6 y1 z6 rot90; 3004 at x6 y3 z6 rot90
35,p0098,3010,Dark Brown,-9,2,6,90,3004 at x-9 y2 z6 rot90; 3004 at x-9 y4 z6 rot90
36,p0102,3010,Dark Brown,7,2,6,90,3004 at x7 y2 z6 rot90; 3004 at x7 y4 z6 rot90
36,p0103,3010,Dark Brown,9,2,6,90,3004 at x9 y2 z6 rot90; 3004 at x9 y4 z6 rot90
36,p0104,3010,Dark Brown,-10,3,6,90,3004 at x-10 y3 z6 rot90; 3004 at x-10 y5 z6 rot90
37,p0105,3010,Dark Brown,8,3,6,90,3004 at x8 y3 z6 rot90; 3004 at x8 y5 z6 rot90
38,p0111,3002,Dark Brown,-8,5,6,90,3003 at x-8 y5 z6 rot90; 3004 at x-8 y7 z6 rot0
42,p0124,3010,Dark Brown,-7,8,6,0,3004 at x-7 y8 z6 rot0; 3004 at x-5 y8 z6 rot0
42,p0125,3010,Dark Brown,-3,8,6,0,3004 at x-3 y8 z6 rot0; 3004 at x-1 y8 z6 rot0
43,p0126,3010,Dark Brown,1,8,6,0,3004 at x1 y8 z6 rot0; 3004 at x3 y8 z6 rot0
50,p0151,3010,Dark Brown,-11,3,9,90,3004 at x-11 y3 z9 rot90; 3004 at x-11 y5 z9 rot90
50,p0152,3010,Dark Brown,10,3,9,90,3004 at x10 y3 z9 rot90; 3004 at x10 y5 z9 rot90
65,p0188,3010,Dark Brown,6,1,12,90,3004 at x6 y1 z12 rot90; 3004 at x6 y3 z12 rot90
65,p0189,3010,Dark Brown,-9,2,12,90,3004 at x-9 y2 z12 rot90; 3004 at x-9 y4 z12 rot90
66,p0193,3010,Dark Brown,7,2,12,90,3004 at x7 y2 z12 rot90; 3004 at x7 y4 z12 rot90
67,p0194,3010,Dark Brown,9,2,12,90,3004 at x9 y2 z12 rot90; 3004 at x9 y4 z12 rot90
67,p0195,3010,Dark Brown,-10,3,12,90,3004 at x-10 y3 z12 rot90; 3004 at x-10 y5 z12 rot90
67,p0196,3010,Dark Brown,8,3,12,90,3004 at x8 y3 z12 rot90; 3004 at x8 y5 z12 rot90
69,p0202,3002,Dark Brown,-8,5,12,90,3003 at x-8 y5 z12 rot90; 3004 at x-8 y7 z12 rot0
72,p0215,3010,Dark Brown,-7,8,12,0,3004 at x-7 y8 z12 rot0; 3004 at x-5 y8 z12 rot0
72,p0216,3010,Dark Brown,-3,8,12,0,3004 at x-3 y8 z12 rot0; 3004 at x-1 y8 z12 rot0
73,p0217,3010,Dark Brown,1,8,12,0,3004 at x1 y8 z12 rot0; 3004 at x3 y8 z12 rot0
79,p0239,3010,Dark Brown,-11,3,15,90,3004 at x-11 y3 z15 rot90; 3004 at x-11 y5 z15 rot90
79,p0240,3010,Dark Brown,10,3,15,90,3004 at x10 y3 z15 rot90; 3004 at x10 y5 z15 rot90
94,p0275,3010,Dark Brown,6,1,18,90,3004 at x6 y1 z18 rot90; 3004 at x6 y3 z18 rot90
95,p0276,3010,Dark Brown,-9,2,18,90,3004 at x-9 y2 z18 rot90; 3004 at x-9 y4 z18 rot90
96,p0280,3010,Dark Brown,7,2,18,90,3004 at x7 y2 z18 rot90; 3004 at x7 y4 z18 rot90
96,p0281,3010,Dark Brown,9,2,18,90,3004 at x9 y2 z18 rot90; 3004 at x9 y4 z18 rot90
96,p0282,3010,Dark Brown,-10,3,18,90,3004 at x-10 y3 z18 rot90; 3004 at x-10 y5 z18 rot90
96,p0283,3010,Dark Brown,8,3,18,90,3004 at x8 y3 z18 rot90; 3004 at x8 y5 z18 rot90
98,p0289,3002,Dark Brown,-8,5,18,90,3003 at x-8 y5 z18 rot90; 3004 at x-8 y7 z18 rot0
101,p0302,3010,Dark Brown,-7,8,18,0,3004 at x-7 y8 z18 rot0; 3004 at x-5 y8 z18 rot0
101,p0303,3010,Dark Brown,-3,8,18,0,3004 at x-3 y8 z18 rot0; 3004 at x-1 y8 z18 rot0
102,p0304,3010,Dark Brown,1,8,18,0,3004 at x1 y8 z18 rot0; 3004 at x3 y8 z18 rot0
109,p0329,3010,Dark Brown,-11,3,21,90,3004 at x-11 y3 z21 rot90; 3004 at x-11 y5 z21 rot90
109,p0330,3010,Dark Brown,10,3,21,90,3004 at x10 y3 z21 rot90; 3004 at x10 y5 z21 rot90
120,p0365,3010,Dark Brown,6,1,24,90,3004 at x6 y1 z24 rot90; 3004 at x6 y3 z24 rot90
121,p0366,3010,Dark Brown,-9,2,24,90,3004 at x-9 y2 z24 rot90; 3004 at x-9 y4 z24 rot90
122,p0370,3010,Dark Brown,7,2,24,90,3004 at x7 y2 z24 rot90; 3004 at x7 y4 z24 rot90
122,p0372,3010,Dark Brown,8,3,24,90,3004 at x8 y3 z24 rot90; 3004 at x8 y5 z24 rot90
124,p0378,3002,Dark Brown,-8,5,24,90,3003 at x-8 y5 z24 rot90; 3004 at x-8 y7 z24 rot0
127,p0389,3010,Dark Brown,-5,8,24,0,3004 at x-5 y8 z24 rot0; 3004 at x-3 y8 z24 rot0
127,p0390,3010,Dark Brown,-1,8,24,0,3004 at x-1 y8 z24 rot0; 3004 at x1 y8 z24 rot0
131,p0401,3010,Dark Brown,-6,1,27,90,3004 at x-6 y1 z27 rot90; 3004 at x-6 y3 z27 rot90
131,p0403,3010,Dark Brown,7,1,27,90,3004 at x7 y1 z27 rot90; 3004 at x7 y3 z27 rot90
131,p0404,3010,Dark Brown,-9,2,27,90,3004 at x-9 y2 z27 rot90; 3004 at x-9 y4 z27 rot90
133,p0410,3010,Dark Brown,8,2,27,90,3004 at x8 y2 z27 rot90; 3004 at x8 y4 z27 rot90
133,p0411,3010,Dark Brown,-10,3,27,90,3004 at x-10 y3 z27 rot90; 3004 at x-10 y5 z27 rot90
133,p0412,3010,Dark Brown,9,3,27,90,3004 at x9 y3 z27 rot90; 3004 at x9 y5 z27 rot90
134,p0414,3010,Dark Brown,-6,5,27,90,3004 at x-6 y5 z27 rot90; 3004 at x-6 y7 z27 rot90
134,p0416,3010,Dark Brown,7,5,27,90,3004 at x7 y5 z27 rot90; 3004 at x7 y7 z27 rot90
144,p0443,3010,Dark Brown,-6,1,30,90,3004 at x-6 y1 z30 rot90; 3004 at x-6 y3 z30 rot90
144,p0445,3010,Dark Brown,-9,2,30,90,3004 at x-9 y2 z30 rot90; 3004 at x-9 y4 z30 rot90
145,p0449,3010,Dark Brown,7,2,30,90,3004 at x7 y2 z30 rot90; 3004 at x7 y4 z30 rot90
146,p0451,3010,Dark Brown,8,3,30,90,3004 at x8 y3 z30 rot90; 3004 at x8 y5 z30 rot90
147,p0456,3002,Dark Brown,-8,5,30,0,3003 at x-8 y5 z30 rot0; 3004 at x-6 y5 z30 rot90
147,p0457,3002,Dark Brown,5,5,30,90,3003 at x5 y5 z30 rot90; 3004 at x5 y7 z30 rot0
148,p0461,3002,Dark Brown,3,6,30,90,3003 at x3 y6 z30 rot90; 3004 at x3 y8 z30 rot0
150,p0468,3010,Dark Brown,-5,8,30,0,3004 at x-5 y8 z30 rot0; 3004 at x-3 y8 z30 rot0
150,p0469,3010,Dark Brown,-1,8,30,0,3004 at x-1 y8 z30 rot0; 3004 at x1 y8 z30 rot0
156,p0491,3010,Dark Brown,-8,2,33,90,3004 at x-8 y2 z33 rot90; 3004 at x-8 y4 z33 rot90
158,p0497,3010,Dark Brown,7,2,33,90,3004 at x7 y2 z33 rot90; 3004 at x7 y4 z33 rot90
158,p0498,3010,Dark Brown,-9,3,33,90,3004 at x-9 y3 z33 rot90; 3004 at x-9 y5 z33 rot90
158,p0499,3010,Dark Brown,8,3,33,90,3004 at x8 y3 z33 rot90; 3004 at x8 y5 z33 rot90
171,p0528,3010,Dark Brown,-6,1,36,90,3004 at x-6 y1 z36 rot90; 3004 at x-6 y3 z36 rot90
171,p0530,3010,Dark Brown,-7,2,36,90,3004 at x-7 y2 z36 rot90; 3004 at x-7 y4 z36 rot90
172,p0534,3010,Dark Brown,7,2,36,90,3004 at x7 y2 z36 rot90; 3004 at x7 y4 z36 rot90
172,p0535,3010,Dark Brown,-8,3,36,90,3004 at x-8 y3 z36 rot90; 3004 at x-8 y5 z36 rot90
174,p0541,3002,Dark Brown,5,5,36,90,3003 at x5 y5 z36 rot90; 3004 at x5 y7 z36 rot0
176,p0547,3002,Dark Brown,3,6,36,90,3003 at x3 y6 z36 rot90; 3004 at x3 y8 z36 rot0
177,p0552,3010,Dark Brown,-5,8,36,0,3004 at x-5 y8 z36 rot0; 3004 at x-3 y8 z36 rot0
177,p0553,3010,Dark Brown,-1,8,36,0,3004 at x-1 y8 z36 rot0; 3004 at x1 y8 z36 rot0
187,p0585,3010,Dark Brown,-5,8,39,0,3004 at x-5 y8 z39 rot0; 3004 at x-3 y8 z39 rot0
187,p0586,3010,Dark Brown,-1,8,39,0,3004 at x-1 y8 z39 rot0; 3004 at x1 y8 z39 rot0
199,p0614,3010,Dark Brown,-7,2,42,90,3004 at x-7 y2 z42 rot90; 3004 at x-7 y4 z42 rot90
200,p0618,3010,Dark Brown,5,2,42,90,3004 at x5 y2 z42 rot90; 3004 at x5 y4 z42 rot90
201,p0620,3010,Dark Brown,-6,3,42,90,3004 at x-6 y3 z42 rot90; 3004 at x-6 y5 z42 rot90
201,p0621,3010,Dark Brown,6,3,42,90,3004 at x6 y3 z42 rot90; 3004 at x6 y5 z42 rot90
203,p0627,3010,Dark Brown,-5,6,42,0,3004 at x-5 y6 z42 rot0; 3004 at x-3 y6 z42 rot0
210,p0652,3010,Dark Brown,-8,3,45,90,3004 at x-8 y3 z45 rot90; 3004 at x-8 y5 z45 rot90
210,p0653,3010,Dark Brown,7,3,45,90,3004 at x7 y3 z45 rot90; 3004 at x7 y5 z45 rot90
212,p0658,3010,Dark Brown,-4,8,45,0,3004 at x-4 y8 z45 rot0; 3004 at x-2 y8 z45 rot0
212,p0659,3010,Dark Brown,0,8,45,0,3004 at x0 y8 z45 rot0; 3004 at x2 y8 z45 rot0
224,p0696,3010,Dark Brown,3,2,48,90,3004 at x3 y2 z48 rot90; 3004 at x3 y4 z48 rot90
228,p0706,3010,Dark Brown,-5,6,48,0,3004 at x-5 y6 z48 rot0; 3004 at x-3 y6 z48 rot0
228,p0707,3010,Dark Brown,-1,6,48,0,3004 at x-1 y6 z48 rot0; 3004 at x1 y6 z48 rot0
235,p0733,3010,Dark Brown,-4,3,51,90,3004 at x-4 y3 z51 rot90; 3004 at x-4 y5 z51 rot90
235,p0734,3010,Dark Brown,3,3,51,90,3004 at x3 y3 z51 rot90; 3004 at x3 y5 z51 rot90
237,p0737,3010,Dark Brown,-3,6,51,0,3004 at x-3 y6 z51 rot0; 3004 at x-1 y6 z51 rot0
